,Age,Age first had sexual intercourse,BMI,DHA_pct,Ecc_AHA_2,Forced expiratory volume in 1-second,Hand grip strength (left),Hip circumference,IDL_FC,III_S,I_inteR,LA_pct,L_HDL_C,L_HDL_CE,L_HDL_CE_pct,L_LDL_TG,L_VLDL_FC_pct,M_HDL_TG_pct,Nitrogen dioxide air pollution; 2010,Nitrogen oxides air pollution; 2010,Particulate matter air pollution (pm10); 2010,Particulate matter air pollution (pm2.5); 2010,RAV_max,Time spend outdoors in summer,Time spent watching television (TV),V6_inteR,VLDL_C,WT_AHA_10,Waist circumference,Whole body fat mass,aVL_R,aVR_T,aVR_inteT
0,57.354996991777526,18.050279653274504,28.2784656871003,1.9490208267210372,-19.945027165380928,2.788055752389866,29.46212090826036,104.73898121532189,0.2171132946988435,93.78283750416249,1.2128606772767132,28.48973362096397,0.2752178575263374,0.2124329434114719,33.257372687183995,0.1007109172939367,13.96257991042182,5.560542343715088,26.12391470018049,43.236399759342206,16.138699511999466,9.951938231165188,78.20538366735747,3.1828330770773445,2.500247342736814,2.0797588718984623,0.740018156400829,6.267378157630858,92.35476297435213,26.48279385876953,34.345458134798285,11.56284922026433,1.4895148156004392
