,Age,Age first had sexual intercourse,BMI,DHA_pct,Ecc_AHA_2,Forced expiratory volume in 1-second,Hand grip strength (left),Hip circumference,IDL_FC,III_S,I_inteR,LA_pct,L_HDL_C,L_HDL_CE,L_HDL_CE_pct,L_LDL_TG,L_VLDL_FC_pct,M_HDL_TG_pct,Nitrogen dioxide air pollution; 2010,Nitrogen oxides air pollution; 2010,Particulate matter air pollution (pm10); 2010,Particulate matter air pollution (pm2.5); 2010,RAV_max,Time spend outdoors in summer,Time spent watching television (TV),V6_inteR,VLDL_C,WT_AHA_10,Waist circumference,Whole body fat mass,aVL_R,aVR_T,aVR_inteT
0,7.886298686973704,5.328265099216396,4.972110059087856,0.6462418092130567,6.252307605117802,0.769044165027273,11.553261963369776,9.587334718743968,0.0574661165901252,43.1173171282499,0.8995359511777581,3.4565643198444937,0.1565583273146218,0.1218605066923288,4.986877083522086,0.0267749886783597,1.2315378322768826,1.800230161125172,7.2530407906589955,15.004501046805876,1.877407534318152,1.0335361977234587,19.63212605950259,3.629218520926933,2.9970498847468017,1.1389819469614653,0.2451602883968795,0.8180463681864791,13.652041912228553,10.000668622457528,28.987967331383263,7.888555049243146,1.0074788247802542
